{"chunk_definitions":[{"chunk_id":"csetup_chunk","chunk_label":"setup","document_id":"AFFEAA54","expansion_state":0,"options":{"echo":"F","engine":"r","include":false,"label":"setup","message":"F","warning":false},"row":13,"row_count":1,"visible":true},{"chunk_id":"c5qo1rcn2hpwl","chunk_label":"unnamed-chunk-1","document_id":"AFFEAA54","expansion_state":0,"options":{"engine":"r","label":"unnamed-chunk-17"},"row":78,"row_count":1,"visible":true},{"chunk_id":"c7ufult71g6gf","chunk_label":"unnamed-chunk-2","document_id":"AFFEAA54","expansion_state":0,"options":{"engine":"r","label":"unnamed-chunk-12"},"row":91,"row_count":1,"visible":true},{"chunk_id":"cx8g4j4415d1s","chunk_label":"unnamed-chunk-6","document_id":"AFFEAA54","expansion_state":0,"options":{"engine":"r","label":"unnamed-chunk-43"},"row":155,"row_count":1,"visible":true}],"default_chunk_options":{"echo":true,"error":false},"doc_write_time":1502251731,"working_dir":null}